-- ENTIDADES PRINCIPALES
INSERT INTO usuarios
	VALUES (1092344838,'estudiante','Cristian David Navarro Vasquez','cristiannavarro@unipamplona.edu.co','$2b$10$q911VUA96nBeQxK3G4fvtOZRX3F2VnXLHHozEeLYFvv18h.Miyb3y','Pamplona, Colombia','cristian.png'),
		   (1006409535,'estudiante','Daniel David Arias Monroy','daniel.arias@unipamplona.edu.co','$2b$10$Qw6Xuu0.MCc1G7.ICgu5neFhvFTL4Gjb/gAHbCNdiLodbeBaBnyIa','Pamplona, Colombia','daniel.png'),
		   (1000000001,'docente','Mauricio Rojas','mauricio.rojas@unipamplona.edu.co','$2b$10$G8MxP7qAQJAz/c1SDr7PluzPkR1EW0WvchP5oUL19OrGo0/yNUBeS','Pamplona, Colombia','mauricion.png'),
		   (1000000002,'docente','Pedro Torres','pedro.torres@unipamplona.edu.co','$2b$10$DBfI7amctjC0Gek.f0J0j.MQg8yMXYnT9Yp0z7f9Ho1tSCCKyk0t6','Pamplona, Colombia','pedro.png'),
		   (1000000003,'docente','Luis Perez','luis.perez@unipamplona.edu.co','$2b$10$unV78HrYzbpmlhDu/Hb2xeyAzQTf82I4RpQcuzMrNbITpF85CFvJa','Pamplona, Colombia','luis.png'),
		   (1000000004,'docente','Maria Vera','maria.vera@unipamplona.edu.co','$2b$10$Fzhp6XH3RKWUsFshdAHjFuJLN9X7TUCya10eqoDcwi/noX8UPHIlC','Pamplona, Colombia','maria.png'),
		   (1000000005,'docente','Ailin Duarte','ailin.duarte@unipamplona.edu.co','$2b$10$UgeL6puA2YiokMoLM7q.FuB87nEytod6grfP8SEdGyzRb7loYG9Qi','Pamplona, Colombia','ailin.png'),
		   (1000000006,'docente','Alexis Vera','alexis.vera@unipamplona.edu.co','$2b$10$xppRFioOxrDkZoy2gmBHf.hO254zxDD1D.g5k5UMx5pQSVv5Bq3TC','Pamplona, Colombia','alexis.png'),
		   (1000000007,'docente','Luisa Rodriguez','luisa.rodriguez@unipamplona.edu.co','$2b$10$aUCFp9wz3fx9/2PZOwvk4eJbYs2S/0DjgQvP65RIyiLTMQrwIumX6','Pamplona, Colombia','luisa.png'),
		   (1000000008,'docente','Santiago Mejia','santiago.mejia@unipamplona.edu.co','$2b$10$ugu1uj23jyQFYQvMKDxdO.cs6Mm9c4kwFY7B7PNW0qd6v0mNav.7e','Pamplona, Colombia','santiago.png'),
		   (1000000009,'docente','Luz Marina','luz.marina@unipamplona.edu.co','$2b$10$XHZbaD4Up3nt6zVB8Uyyr.WigUxJKL0SzrcadsUJMGSNsjrbamRbS','Pamplona, Colombia','luz.png'),
		   (1000000010,'docente','Mauricio Zafra','mauricio.zafra@unipamplona.edu.co','$2b$10$YUsBYfFz//tkHyOsyTbJhOH1Sq48Z1fXnyvRyyBKIgnxDVUHvS9VK','Pamplona, Colombia','mauricio.png'),
		   (1000000011,'docente','Omar Portilla','omar.portilla@unipamplona.edu.co','$2b$10$jyNx7V8itvob/aPatEIwOOKeCLXn5ZrA.iAfeVA5np8qnlIikSjh.','Pamplona, Colombia','omar.png');

INSERT INTO estudiantes
	VALUES (1092344838,124,1),		
		   (1006409535,44,1);		

INSERT INTO descuentos(desc_nombre,desc_valor)
	VALUES ('Matricula Cero', 100),
		   ('Grupo Deportivo-Cultural', 30);

INSERT INTO programas(prog_nombre,"prog_precioMatricula","prog_precioDerechos")
	VALUES ('Ingenieria de Sistemas', ARRAY[1820000,2080000,2800000,3900000,5460000,6760000], ARRAY[104000,104000,169000,169000,169000,169000]);

INSERT INTO docentes
	VALUES (1000000001,1),
		   (1000000002,1),
		   (1000000003,1),
		   (1000000004,1),
		   (1000000005,1),
		   (1000000006,1),
		   (1000000007,1),
		   (1000000008,1),
		   (1000000009,1),
		   (1000000010,1),
		   (1000000011,1);

INSERT INTO asignaturas
	VALUES (167390, 'Pensamiento Computacional', 3),
		   (167391, 'Introduccion a la ingenieria de sistemas', 2),
		   (162003, 'Habilidades comunicativas', 2),
		   (153002, 'Catedra Faria', 2),
		   (157408, 'Algebra lineal', 2),
		   (167389, 'Informatica basica', 1),
		   (171342, 'Act. deportiva, recreativa y cultural', 1),
		   (162274, 'Nivel ingles I', 2),
		   (167392, 'Fundamentos de programacion', 3),
		   (157400, 'Calculo diferencial', 3),
		   (164004, 'Educacion ambiental', 2),
		   (167393, 'Gestion de proyectos', 3),
		   (164335, 'Formacion ciudadana y cultura de la paz', 1),
		   (150001, 'Electiva socio-humanistica I', 2),
		   (162275, 'Nivel ingles II', 2),
		   (167394, 'Programacion orientada a objetos', 3),
		   (157401, 'Calculo integral', 3),
		   (157405, 'Mecanica', 3),
		   (167395, 'Estadistica y probabilidad', 4),
		   (150002, 'Electiva socio-humanistica II', 2),
		   (162276, 'Nivel Ingles III', 2),
		   (167396, 'Estructuras de datos y analisis de algoritmos', 4),
		   (157402, 'Calculo multivariable', 3),
		   (157406, 'Electromagnetismo', 3),
		   (164010, 'Etica', 2),
		   (167397, 'Sistemas de informacion', 4),
		   (157403, 'Ecuaciones diferenciales', 3),
		   (167398, 'Plataformas tecnologicas', 3),
		   (167399, 'Estructuras computacionales discretas', 3),
		   (167400, 'Investigacion en ingenieria de sistemas', 2),
		   (167401, 'Bases de datos I', 3),
		   (167402, 'Arquitecturas empresariales', 4),
		   (167403, 'Algoritmos numericos para ingenieria', 3),
		   (167404, 'Desarrollo orientado a plataformas', 3),
		   (167405, 'Logica y representacion del conocimiento', 3),
		   (167406, 'Bases de datos II', 3),
		   (200001, 'Creditos libre eleccion I', 5),
		   (167407, 'Redes', 4),
		   (167408, 'Teoria de la computacion', 3),
		   (167409, 'Paradigmas de programacion', 3),
		   (167410, 'Proyecto integrador', 2),
		   (200002, 'Creditos libre eleccion II', 5),
		   (167411, 'Fundamentos de computacion paralela y distriuida', 3),
		   (167412, 'Ingenieria de software I', 4),
		   (167413, 'Sistemas inteligentes', 4),
		   (167414, 'Modelado y simulacion de sistemas continuos', 3),
		   (200003, 'Creditos libre eleccion III', 4),
		   (167415, 'Ingenieria de software II', 4),
		   (167416, 'Legislacion informatica y asuntos sociales', 2),
		   (167417, 'Ciencia de datos', 3),
		   (167418, 'Modelado y simulacion de sistemas discretos', 3),
		   (200004, 'Creditos libre eleccion IV', 5),
		   (167419, 'Trabajo de grado', 6),
		   (167420, 'Ingenieria de software III', 4),
		   (167421, 'Seguridad informatica', 3);
		   
INSERT INTO periodos(peri_nombre,"peri_precioSeguro","peri_precioTimbre","peri_precioSemilla")
	VALUES ('2021-1', 12000, 30000, 6000),
		   ('2021-2', 12000, 30000, 6000),
		   ('2022-1', 14000, 30000, 6000),
		   ('2022-2', 14000, 30000, 6000),
		   ('2023-1', 16000, 33000, 10000),
		   ('2023-2', 16000, 33000, 10000),
		   ('2024-1', 18000, 35000, 10000),
		   ('2024-2', 18000, 35000, 10000);

INSERT INTO grupos(grup_asignatura,grup_nombre,"grup_horarioSalon")
	VALUES (167418, 'A','{ "lunes": {"salon": "FJ 103", "horaInicio": "10:00", "horaFin": "11:59"}, "miercoles": {"salon": "FJ 103", "horaInicio": "14:00", "horaFin": "15:59"}}');

INSERT INTO grupos(grup_asignatura,grup_nombre,"grup_horarioSalon")
	VALUES (167396, 'A','{ "lunes": {"salon": "FJ 103", "horaInicio": "10:00", "horaFin": "11:59"}, "miercoles": {"salon": "FJ 103", "horaInicio": "14:00", "horaFin": "15:59"}}'),
		   (157402, 'A','{ "martes": {"salon": "SVR 201", "horaInicio": "08:00", "horaFin": "08:59"}, "miercoles": {"salon": "SVR 201", "horaInicio": "09:00", "horaFin": "11:59"}}'),
		   (157402, 'B','{ "jueves": {"salon": "SVR 203", "horaInicio": "14:00", "horaFin": "15:59"}, "sabado": {"salon": "SVR 223", "horaInicio": "08:00", "horaFin": "09:59"}}'),
		   (157406, 'A','{ "martes": {"salon": "ER 207", "horaInicio": "10:00", "horaFin": "11:59"}, "jueves": {"salon": "ER 207", "horaInicio": "18:00", "horaFin": "18:59"}}'),
		   (157406, 'B','{ "lunes": {"salon": "ER 201", "horaInicio": "08:00", "horaFin": "09:59"}, "miercoles": {"salon": "ER 201", "horaInicio": "16:00", "horaFin": "17:59"}}'),
		   (164010, 'A','{ "martes": {"salon": "CD 200", "horaInicio": "09:00", "horaFin": "10:59"}, "jueves": {"salon": "CD 200", "horaInicio": "10:00", "horaFin": "11:59"}}'),
		   (167397, 'A','{ "lunes": {"salon": "JG 101", "horaInicio": "14:00", "horaFin": "15:59"}, "miercoles": {"salon": "JG 102", "horaInicio": "18:00", "horaFin": "19:59"}}'),
		   (167397, 'B','{ "martes": {"salon": "JG 101", "horaInicio": "12:00", "horaFin": "13:59"}, "jueves": {"salon": "JG 102", "horaInicio": "16:00", "horaFin": "17:59"}}'),
		   (167401, 'A','{ "viernes": {"salon": "FJ102", "horaInicio": "08:00", "horaFin": "09:59"}, "sabado": {"salon": "FJ102", "horaInicio": "10:00", "horaFin": "11:59"}}'),
		   (167395, 'A','{ "lunes": {"salon": "GN 105", "horaInicio": "06:00", "horaFin": "07:59"}, "jueves": {"salon": "GN 105", "horaInicio": "08:00", "horaFin": "09:59"}}'),
		   (167395, 'B','{ "martes": {"salon": "GN 107", "horaInicio": "16:00", "horaFin": "17:59"}, "jueves": {"salon": "GN 203", "horaInicio": "06:00", "horaFin": "07:59"}}'),
		   (167395, 'C','{ "viernes": {"salon": "GN 102", "horaInicio": "14:00", "horaFin": "15:59"}, "sabado": {"salon": "GN 105", "horaInicio": "08:00", "horaFin": "09:59"}}'),
		   (167421, 'A','{ "lunes": {"salon": "FJ 103", "horaInicio": "08:00", "horaFin": "09:59"}, "miercoles": {"salon": "FJ 103", "horaInicio": "12:00", "horaFin": "13:59"}}'),
		   (167421, 'B','{ "martes": {"salon": "FJ 103", "horaInicio": "10:00", "horaFin": "11:59"}, "jueves": {"salon": "FJ 103", "horaInicio": "16:00", "horaFin": "17:59"}}'),
		   (167415, 'A','{ "lunes": {"salon": "MD 108", "horaInicio": "14:00", "horaFin": "15:59"}, "viernes": {"salon": "MD 108", "horaInicio": "08:00", "horaFin": "09:59"}}'),
		   (167417, 'A','{ "miercoles": {"salon": "FJ 101", "horaInicio": "08:00", "horaFin": "09:59"}, "jueves": {"salon": "FJ 101", "horaInicio": "10:00", "horaFin": "11:59"}}'),
		   (167416, 'A','{ "martes": {"salon": "AULA TIC", "horaInicio": "14:00", "horaFin": "15:59"}, "viernes": {"salon": "AULA TIC", "horaInicio": "12:00", "horaFin": "13:59"}}'),
		   (167390, 'A','{"lunes": {"salon": "FJ 103", "horaInicio": "10:00", "horaFin": "11:59"}, "miercoles": {"salon": "FJ 103", "horaInicio": "14:00", "horaFin": "15:59"}}'),
		   (167391, 'A','{"lunes": {"salon": "FJ 103", "horaInicio": "10:00", "horaFin": "11:59"}, "miercoles": {"salon": "FJ 103", "horaInicio": "14:00", "horaFin": "15:59"}}'),
		   (162003, 'A','{"lunes": {"salon": "FJ 103", "horaInicio": "10:00", "horaFin": "11:59"}, "miercoles": {"salon": "FJ 103", "horaInicio": "14:00", "horaFin": "15:59"}}'),
		   (153002, 'A','{"lunes": {"salon": "FJ 103", "horaInicio": "10:00", "horaFin": "11:59"}, "miercoles": {"salon": "FJ 103", "horaInicio": "14:00", "horaFin": "15:59"}}'),
		   (157408, 'A','{"lunes": {"salon": "FJ 103", "horaInicio": "10:00", "horaFin": "11:59"}, "miercoles": {"salon": "FJ 103", "horaInicio": "14:00", "horaFin": "15:59"}}'),
		   (167389, 'A','{"lunes": {"salon": "FJ 103", "horaInicio": "10:00", "horaFin": "11:59"}, "miercoles": {"salon": "FJ 103", "horaInicio": "14:00", "horaFin": "15:59"}}'),
		   (171342, 'A','{"lunes": {"salon": "FJ 103", "horaInicio": "10:00", "horaFin": "11:59"}, "miercoles": {"salon": "FJ 103", "horaInicio": "14:00", "horaFin": "15:59"}}'),
		   (162274, 'A','{"lunes": {"salon": "FJ 103", "horaInicio": "10:00", "horaFin": "11:59"}, "miercoles": {"salon": "FJ 103", "horaInicio": "14:00", "horaFin": "15:59"}}'),
		   (167392, 'A','{"lunes": {"salon": "FJ 103", "horaInicio": "10:00", "horaFin": "11:59"}, "miercoles": {"salon": "FJ 103", "horaInicio": "14:00", "horaFin": "15:59"}}'),
		   (157400, 'A','{"lunes": {"salon": "FJ 103", "horaInicio": "10:00", "horaFin": "11:59"}, "miercoles": {"salon": "FJ 103", "horaInicio": "14:00", "horaFin": "15:59"}}'),
		   (164004, 'A','{"lunes": {"salon": "FJ 103", "horaInicio": "10:00", "horaFin": "11:59"}, "miercoles": {"salon": "FJ 103", "horaInicio": "14:00", "horaFin": "15:59"}}'),
		   (167393, 'A','{"lunes": {"salon": "FJ 103", "horaInicio": "10:00", "horaFin": "11:59"}, "miercoles": {"salon": "FJ 103", "horaInicio": "14:00", "horaFin": "15:59"}}'),
		   (164335, 'A','{"lunes": {"salon": "FJ 103", "horaInicio": "10:00", "horaFin": "11:59"}, "miercoles": {"salon": "FJ 103", "horaInicio": "14:00", "horaFin": "15:59"}}'),
		   (150001, 'A','{"lunes": {"salon": "FJ 103", "horaInicio": "10:00", "horaFin": "11:59"}, "miercoles": {"salon": "FJ 103", "horaInicio": "14:00", "horaFin": "15:59"}}'),
		   (162275, 'A','{"lunes": {"salon": "FJ 103", "horaInicio": "10:00", "horaFin": "11:59"}, "miercoles": {"salon": "FJ 103", "horaInicio": "14:00", "horaFin": "15:59"}}'),
		   (167394, 'A','{"lunes": {"salon": "FJ 103", "horaInicio": "10:00", "horaFin": "11:59"}, "miercoles": {"salon": "FJ 103", "horaInicio": "14:00", "horaFin": "15:59"}}'),
		   (157401, 'A','{"lunes": {"salon": "FJ 103", "horaInicio": "10:00", "horaFin": "11:59"}, "miercoles": {"salon": "FJ 103", "horaInicio": "14:00", "horaFin": "15:59"}}'),
		   (157405, 'A','{"lunes": {"salon": "FJ 103", "horaInicio": "10:00", "horaFin": "11:59"}, "miercoles": {"salon": "FJ 103", "horaInicio": "14:00", "horaFin": "15:59"}}'),
		   (150002, 'A','{"lunes": {"salon": "FJ 103", "horaInicio": "10:00", "horaFin": "11:59"}, "miercoles": {"salon": "FJ 103", "horaInicio": "14:00", "horaFin": "15:59"}}'),
		   (162276, 'A','{"lunes": {"salon": "FJ 103", "horaInicio": "10:00", "horaFin": "11:59"}, "miercoles": {"salon": "FJ 103", "horaInicio": "14:00", "horaFin": "15:59"}}'),
		   (157403, 'A','{"lunes": {"salon": "FJ 103", "horaInicio": "10:00", "horaFin": "11:59"}, "miercoles": {"salon": "FJ 103", "horaInicio": "14:00", "horaFin": "15:59"}}'),
		   (167398, 'A','{"lunes": {"salon": "FJ 103", "horaInicio": "10:00", "horaFin": "11:59"}, "miercoles": {"salon": "FJ 103", "horaInicio": "14:00", "horaFin": "15:59"}}'),
		   (167399, 'A','{"lunes": {"salon": "FJ 103", "horaInicio": "10:00", "horaFin": "11:59"}, "miercoles": {"salon": "FJ 103", "horaInicio": "14:00", "horaFin": "15:59"}}'),
		   (167400, 'A','{"lunes": {"salon": "FJ 103", "horaInicio": "10:00", "horaFin": "11:59"}, "miercoles": {"salon": "FJ 103", "horaInicio": "14:00", "horaFin": "15:59"}}'),
		   (167402, 'A','{"lunes": {"salon": "FJ 103", "horaInicio": "10:00", "horaFin": "11:59"}, "miercoles": {"salon": "FJ 103", "horaInicio": "14:00", "horaFin": "15:59"}}'),
		   (167403, 'A','{"lunes": {"salon": "FJ 103", "horaInicio": "10:00", "horaFin": "11:59"}, "miercoles": {"salon": "FJ 103", "horaInicio": "14:00", "horaFin": "15:59"}}'),
		   (167404, 'A','{"lunes": {"salon": "FJ 103", "horaInicio": "10:00", "horaFin": "11:59"}, "miercoles": {"salon": "FJ 103", "horaInicio": "14:00", "horaFin": "15:59"}}'),
		   (167405, 'A','{"lunes": {"salon": "FJ 103", "horaInicio": "10:00", "horaFin": "11:59"}, "miercoles": {"salon": "FJ 103", "horaInicio": "14:00", "horaFin": "15:59"}}'),
		   (167406, 'A','{"lunes": {"salon": "FJ 103", "horaInicio": "10:00", "horaFin": "11:59"}, "miercoles": {"salon": "FJ 103", "horaInicio": "14:00", "horaFin": "15:59"}}'),
		   (200001, 'A','{"lunes": {"salon": "FJ 103", "horaInicio": "10:00", "horaFin": "11:59"}, "miercoles": {"salon": "FJ 103", "horaInicio": "14:00", "horaFin": "15:59"}}'),
		   (167407, 'A','{"lunes": {"salon": "FJ 103", "horaInicio": "10:00", "horaFin": "11:59"}, "miercoles": {"salon": "FJ 103", "horaInicio": "14:00", "horaFin": "15:59"}}'),
		   (167408, 'A','{"lunes": {"salon": "FJ 103", "horaInicio": "10:00", "horaFin": "11:59"}, "miercoles": {"salon": "FJ 103", "horaInicio": "14:00", "horaFin": "15:59"}}'),
		   (167409, 'A','{"lunes": {"salon": "FJ 103", "horaInicio": "10:00", "horaFin": "11:59"}, "miercoles": {"salon": "FJ 103", "horaInicio": "14:00", "horaFin": "15:59"}}'),
		   (167410, 'A','{"lunes": {"salon": "FJ 103", "horaInicio": "10:00", "horaFin": "11:59"}, "miercoles": {"salon": "FJ 103", "horaInicio": "14:00", "horaFin": "15:59"}}'),
		   (200002, 'A','{"lunes": {"salon": "FJ 103", "horaInicio": "10:00", "horaFin": "11:59"}, "miercoles": {"salon": "FJ 103", "horaInicio": "14:00", "horaFin": "15:59"}}'),
		   (167411, 'A','{"lunes": {"salon": "FJ 103", "horaInicio": "10:00", "horaFin": "11:59"}, "miercoles": {"salon": "FJ 103", "horaInicio": "14:00", "horaFin": "15:59"}}'),
		   (167412, 'A','{"lunes": {"salon": "FJ 103", "horaInicio": "10:00", "horaFin": "11:59"}, "miercoles": {"salon": "FJ 103", "horaInicio": "14:00", "horaFin": "15:59"}}'),
		   (167413, 'A','{"lunes": {"salon": "FJ 103", "horaInicio": "10:00", "horaFin": "11:59"}, "miercoles": {"salon": "FJ 103", "horaInicio": "14:00", "horaFin": "15:59"}}'),
		   (167414, 'A','{"lunes": {"salon": "FJ 103", "horaInicio": "10:00", "horaFin": "11:59"}, "miercoles": {"salon": "FJ 103", "horaInicio": "14:00", "horaFin": "15:59"}}'),
		   (200003, 'A','{"lunes": {"salon": "FJ 103", "horaInicio": "10:00", "horaFin": "11:59"}, "miercoles": {"salon": "FJ 103", "horaInicio": "14:00", "horaFin": "15:59"}}');
		   
INSERT INTO matriculas(matr_periodo,matr_estudiante,"matr_costoFinal","matr_estadoPago","matr_costoTotal")
	VALUES (1,1092344838,148000,'true','{ "Derechos de matricula": 900000, "Descuento de": -900000, "Derechos complementarios": 100000, "Timbre pro cultura": 12000, "Seguro estudiantil": 30000, "Fondo capital semilla": 6000, "Subtotal": 1048000, "Total": 148000}'),
		   (2,1092344838,148000,'true','{ "Derechos de matricula": 900000, "Descuento de": -900000, "Derechos complementarios": 100000, "Timbre pro cultura": 12000, "Seguro estudiantil": 30000, "Fondo capital semilla": 6000, "Subtotal": 1048000, "Total": 148000}'),
		   (3,1092344838,150000,'true','{ "Derechos de matricula": 900000, "Descuento de": -900000, "Derechos complementarios": 100000, "Timbre pro cultura": 14000, "Seguro estudiantil": 30000, "Fondo capital semilla": 6000, "Subtotal": 1050000, "Total": 150000}'),
		   (4,1092344838,150000,'true','{ "Derechos de matricula": 900000, "Descuento de": -900000, "Derechos complementarios": 100000, "Timbre pro cultura": 14000, "Seguro estudiantil": 30000, "Fondo capital semilla": 6000, "Subtotal": 1050000, "Total": 150000}'),
		   (5,1092344838,159000,'true','{ "Derechos de matricula": 900000, "Descuento de": -900000, "Derechos complementarios": 100000, "Timbre pro cultura": 16000, "Seguro estudiantil": 33000, "Fondo capital semilla": 10000, "Subtotal": 1059000, "Total": 159000}'),
		   (6,1092344838,159000,'true','{ "Derechos de matricula": 900000, "Descuento de": -900000, "Derechos complementarios": 100000, "Timbre pro cultura": 16000, "Seguro estudiantil": 33000, "Fondo capital semilla": 10000, "Subtotal": 1059000, "Total": 159000}'),
		   (7,1092344838,163000,'true','{ "Derechos de matricula": 900000, "Descuento de": -900000, "Derechos complementarios": 100000, "Timbre pro cultura": 18000, "Seguro estudiantil": 35000, "Fondo capital semilla": 10000, "Subtotal": 1063000, "Total": 163000}'),
		   (8,1092344838,167000,'true','{ "Derechos de matricula": 1820000, "Descuento de": -1820000, "Derechos complementarios": 104000, "Timbre pro cultura": 18000, "Seguro estudiantil": 35000, "Fondo capital semilla": 10000, "Subtotal": 1987000, "Total": 167000}'),
		   (5,1006409535,789000,'true','{ "Derechos de matricula": 900000, "Descuento de": -270000, "Derechos complementarios": 100000, "Timbre pro cultura": 16000, "Seguro estudiantil": 33000, "Fondo capital semilla": 10000, "Subtotal": 1059000, "Total": 789000}'),
		   (6,1006409535,789000,'true','{ "Derechos de matricula": 900000, "Descuento de": -270000, "Derechos complementarios": 100000, "Timbre pro cultura": 16000, "Seguro estudiantil": 33000, "Fondo capital semilla": 10000, "Subtotal": 1059000, "Total": 789000}'),
		   (7,1006409535,793000,'true','{ "Derechos de matricula": 900000, "Descuento de": -270000, "Derechos complementarios": 100000, "Timbre pro cultura": 18000, "Seguro estudiantil": 35000, "Fondo capital semilla": 10000, "Subtotal": 1063000, "Total": 793000}'),
		   (8,1006409535,1441000,'false','{ "Derechos de matricula": 1820000, "Descuento de": -546000, "Derechos complementarios": 104000, "Timbre pro cultura": 18000, "Seguro estudiantil": 35000, "Fondo capital semilla": 10000, "Subtotal": 1987000, "Total": 1441000}');


-- TABLAS INTERMEDIAS
INSERT INTO estudiantes_programas
	VALUES (1092344838, 1, 7),
		   (1006409535, 1, 3);

INSERT INTO estudiantes_descuentos
	VALUES (1092344838, 1),
		   (1006409535, 2);

INSERT INTO asignaturas_docentes_grupos
	VALUES (167396, 1000000001, 1),
		   (157402, 1000000002, 2),
		   (157402, 1000000002, 3),
		   (157406, 1000000003, 4),
		   (157406, 1000000003, 5),
		   (164010, 1000000004, 6),
		   (167397, 1000000005, 7),
		   (167397, 1000000005, 8),
		   (167401, 1000000006, 9),
		   (167395, 1000000007, 10),
		   (167395, 1000000007, 11),
		   (167395, 1000000008, 12),
		   (167421, 1000000009, 13),
		   (167421, 1000000009, 14),
		   (167415, 1000000010, 15),
		   (167417, 1000000011, 16),
		   (167416, 1000000005, 17);

INSERT INTO programas_asignaturas
	VALUES (1, 167390, 1, NULL, NULL),
		   (1, 167391, 1, NULL, NULL),
		   (1, 162003, 1, NULL, NULL),
		   (1, 153002, 1, NULL, NULL),
		   (1, 157408, 1, NULL, NULL),
		   (1, 167389, 1, NULL, NULL),
		   (1, 171342, 1, NULL, NULL),
		   (1, 162274, 1, NULL, NULL),
		   (1, 167392, 2, ARRAY[167390], NULL),
		   (1, 157400, 2, NULL, NULL),
		   (1, 164004, 2, NULL, NULL),
		   (1, 167393, 2, NULL, NULL),
		   (1, 164335, 2, NULL, NULL),
		   (1, 150001, 2, NULL, NULL),
		   (1, 162275, 2, ARRAY[162274], NULL),
		   (1, 167394, 3, ARRAY[167392], NULL),
		   (1, 157401, 3, ARRAY[157400], NULL),
		   (1, 157405, 3, ARRAY[157400], NULL),
		   (1, 167395, 3, NULL, NULL),
		   (1, 150002, 3, NULL, NULL),
		   (1, 162276, 3, ARRAY[162275], NULL),
		   (1, 167396, 4, ARRAY[167394], NULL),
		   (1, 157402, 4, ARRAY[157401], NULL),
		   (1, 157406, 4, ARRAY[157405], NULL),
		   (1, 164010, 4, NULL, NULL),
		   (1, 167397, 4, ARRAY[167393], NULL),
		   (1, 157403, 5, ARRAY[157402], NULL),
		   (1, 167398, 5, ARRAY[167396], NULL),
		   (1, 167399, 5, ARRAY[167396], NULL),
		   (1, 167400, 5, NULL, 64),
		   (1, 167401, 5, ARRAY[167394], NULL),
		   (1, 167402, 5, ARRAY[167397], NULL),
		   (1, 167403, 6, ARRAY[157403], NULL),
		   (1, 167404, 6, ARRAY[167401], NULL),
		   (1, 167405, 6, ARRAY[167399], NULL),
		   (1, 167406, 6, ARRAY[167401], NULL),
		   (1, 200001, 6, NULL, NULL),
		   (1, 167407, 7, ARRAY[167398], NULL),
		   (1, 167408, 7, ARRAY[167399], NULL),
		   (1, 167409, 7, ARRAY[167405], NULL),
		   (1, 167410, 7, NULL, 99),
		   (1, 200002, 7, ARRAY[200001], NULL),
		   (1, 167411, 8, ARRAY[167398], NULL),
		   (1, 167412, 8, ARRAY[167397,167401], NULL),
		   (1, 167413, 8, ARRAY[167395,167399], NULL),
		   (1, 167414, 8, ARRAY[157406,167403], NULL),
		   (1, 200003, 8, ARRAY[200002], NULL),
		   (1, 167415, 9, ARRAY[167412], NULL),
		   (1, 167416, 9, NULL, 120),
		   (1, 167417, 9, ARRAY[167413], NULL),
		   (1, 167418, 9, ARRAY[167395,167399], NULL),
		   (1, 200004, 9, ARRAY[200003], NULL),
		   (1, 167419, 10, NULL, 150),
		   (1, 167420, 10, ARRAY[167415], NULL),
		   (1, 167421, 10, ARRAY[167407], NULL);

INSERT INTO grupos_matriculas
	VALUES (18, 1, 'true', 4.20),
		   (19, 1, 'true', 4.80),
		   (20, 1, 'true', 3.60),
		   (21, 1, 'true', 4.10),
		   (22, 1, 'true', 4.50),
		   (23, 1, 'true', 4.00),
		   (24, 1, 'true', 4.30),
		   (25, 1, 'true', 3.90),
		   (26, 2, 'true', 4.10),
		   (27, 2, 'true', 4.60),
		   (28, 2, 'true', 3.80),
		   (29, 2, 'true', 4.30),
		   (30, 2, 'true', 4.10),
		   (31, 2, 'true', 3.90),
		   (32, 2, 'true', 4.40),
		   (33, 3, 'true', 4.00),
		   (34, 3, 'true', 4.70),
		   (35, 3, 'true', 4.10),
		   (11, 3, 'true', 4.20),
		   (36, 3, 'true', 4.50),
		   (37, 3, 'true', 4.00),
		   (1, 4, 'true', 4.20),
		   (2, 4, 'true', 4.50),
		   (5, 4, 'true', 3.80),
		   (6, 4, 'true', 4.0),
		   (7, 4, 'true', 3.60),
		   (38, 5, 'true', 4.20),
		   (39, 5, 'true', 4.70),
		   (40, 5, 'true', 3.80),
		   (41, 5, 'true', 4.00),
		   (9, 5, 'true', 4.00),
		   (42, 5, 'true', 4.40),
		   (43, 6, 'true', 4.00),
		   (44, 6, 'true', 4.60),
		   (45, 6, 'true', 3.90),
		   (46, 6, 'true', 4.10),
		   (47, 6, 'true', 4.30),
		   (48, 6, 'true', 4.40),
		   (49, 7, 'true', 4.20),
		   (50, 7, 'true', 4.60),
		   (51, 7, 'true', 3.80),
		   (52, 7, 'true', 3.10),
		   (54, 7, 'true', 3.50),
		   (55, 7, 'true', 3.90),
		   (18, 9, 'true', 4.10),
		   (19, 9, 'true', 4.70),
		   (20, 9, 'true', 3.80),
		   (21, 9, 'true', 4.00),
		   (22, 9, 'true', 3.90),
		   (23, 9, 'true', 4.40),
		   (24, 9, 'true', 4.30),
		   (25, 9, 'true', 3.60),
		   (26, 10, 'true', 4.00),
		   (27, 10, 'true', 4.60),
		   (28, 10, 'true', 3.80),
		   (29, 10, 'true', 4.20),
		   (30, 10, 'true', 4.00),
		   (31, 10, 'true', 4.30),
		   (32, 10, 'true', 4.10),
		   (33, 11, 'true', 4.10),
		   (34, 11, 'true', 4.40),
		   (35, 11, 'true', 3.40),
		   (10, 11, 'false', 2.54),
		   (36, 11, 'true', 4.30),
		   (37, 11, 'true', 3.70);

SELECT * FROM usuarios;
SELECT * FROM estudiantes;
SELECT * FROM descuentos;
SELECT * FROM programas;
SELECT * FROM docentes;
SELECT * FROM asignaturas;
SELECT * FROM periodos;
SELECT * FROM grupos;
SELECT * FROM matriculas;

SELECT * FROM estudiantes_programas;
SELECT * FROM estudiantes_descuentos;
SELECT * FROM asignaturas_docentes_grupos;
SELECT * FROM programas_asignaturas;
SELECT * FROM grupos_matriculas;